id;title;price;sale_price;description;image_link;additional_image_link;product_type;availability;condition;custom_label_0;custom_label_1;end;فيديوهات (|);التقييم;عدد التقييمات
1;سماعة لاسلكية ام 10 تي مع علبة شحن ; 110 EGP ; 149 EGP ;سماعة لاسلكية ام 10 تي دبليو اس جديدة مع علبة شحن لاسلكية بلوتوث 5.1 9D صوت ممتاز باس عميق مقاومة للماء بتصنيف IPX7 مع ميكروفون ووقت تشغيل 6 ساعات;https://m.media-amazon.com/images/I/41btGX2zKxS._AC_SX466_.jpg;"https://m.media-amazon.com/images/I/51hz8pROUWS._AC_.jpg
https://m.media-amazon.com/images/I/51D21amEkzS._AC_SX466_.jpg
https://m.media-amazon.com/images/I/51ubafjFQ4S._AC_SX466_.jpg";موبايل ;stock;new;🔥 الأكثر مبيعاً | ⚡ ممتازة;"التحكم باللمس] ما عليك سوى النقر مرة واحدة لتشغيل/الإيقاف المؤقت أو الرد على المكالمات. نقرة مزدوجة للتخطي للأمام/الخلف. اضغط لضبط مستوى الصوت
[مقاومة للماء بدرجة IPX7] مقاومة للعرق وقابلة للغسل بالماء والصابون
[تي دبليو اس وبلوتوث 5.1] تقنية بلوتوث 5.1 المتقدمة. يتضمن HFP 1.7 / HSP1.2 / A2DP 1 / AVRCP 1.6 / SPP1.2 / PBAP1.0 لسرعة نقل سريعة للغاية وتجربة استماع منخفضة الاستجابة
[شحن سريع وطويل الأمد] وقت التشغيل 6 ساعات من الشحن الواحد وإجمالي 30 ساعة مع علبة الشحن. استمتع بالشحن السريع - أقل من ساعة واحدة
[جودة صوت ممتازة 9 دي] استمتع بصوت ممتاز غامر 9 دي مع تقنية باس عميق توفر جودة صوت غنية للموسيقى والمكالمات والترفيه
[علبة شحن لاسلكية] تتضمن علبة شحن لاسلكية مريحة توفر سهولة الشحن بدون كابلات وتحافظ على سماعات الأذن محمية عند عدم الاستخدام";;;4;12
2;ماووس واير ليس أتش بي شحن تايب سي; 125 EGP ; 181 EGP ;"استمتع بحرية التنقل مع ماوس HP 3100 اللاسلكي، مريح، سريع الاستجابة، ومثالي للعمل اليومي.
";https://m.media-amazon.com/images/I/61UYwVC+4xL._AC_SX466_.jpg;"https://m.media-amazon.com/images/I/61UYwVC+4xL._AC_SX466_.jpg
https://m.media-amazon.com/images/I/61r2RtNCxWL._AC_SX466_.jpg
https://m.media-amazon.com/images/I/71cO4JetbhL._AC_SX466_.jpg
https://m.media-amazon.com/images/I/61D5VyS9CzL._AC_SX466_.jpg";كمبيوتر ولاب توب;;new;💥 قوي | 🎮 مريح;ماوس 200 X6W31AA بصري لاسلكي من اتش بي - اسود شحن تايب سي ;;;4;8
3;لوحة مفاتيح استيراد ( كيبورد ); 100 EGP ; 125 EGP ;كيبورد يقوم بالعمل المكثف للكتابة والبرمجة وتحرير الوسائط المتعددة;https://m.media-amazon.com/images/I/51aabhr5+YL._AC_SX466_.jpg;"https://m.media-amazon.com/images/I/51aabhr5+YL._AC_SX466_.jpg
https://m.media-amazon.com/images/I/61SfQDq-qFL._AC_SX466_.jpg
https://m.media-amazon.com/images/I/61wd8iFuYAL._AC_SX466_.jpg";كمبيوتر ولاب توب;;new;🔥 الأكثر مبيعاً;لوحة مفاتيح بسلك ومنفذ USB مريحة للعين;;;5;20
;;;;;;;;;;;;;;;
;;;;;;;;;;;;;;;
;;;;;;;;;;;;;;;
;;;;;;;;;;;;;;;
;;;;;;;;;;;;;;;
;;;;;;;;;;;;;;;
;;;;;;;;;;;;;;;
;;;;;;;;;;;;;;;
;;;;;;;;;;;;;;;
;;;;;;;;;;;;;;;
;;;;;;;;;;;;;;;
;;;;;;;;;;;;;;;
;;;;;;;;;;;;;;;
;;;;;;;;;;;;;;;
;;;;;;;;;;;;;;;
;;;;;;;;;;;;;;;
;;;;;;;;;;;;;;;
;;;;;;;;;;;;;;;
;;;;;;;;;;;;;;;
;;;;;;;;;;;;;;;
;;;;;;;;;;;;;;;
;;;;;;;;;;;;;;;
;;;;;;;;;;;;;;;
;;;;;;;;;;;;;;;
;;;;;;;;;;;;;;;
;;;;;;;;;;;;;;;
;;;;;;;;;;;;;;;
;;;;;;;;;;;;;;;
;;;;;;;;;;;;;;;
;;;;;;;;;;;;;;;
;;;;;;;;;;;;;;;
;;;;;;;;;;;;;;;
;;;;;;;;;;;;;;;
;;;;;;;;;;;;;;;
;;;;;;;;;;;;;;;
;;;;;;;;;;;;;;;
;;;;;;;;;;;;;;;
;;;;;;;;;;;;;;;
;;;;;;;;;;;;;;;
;;;;;;;;;;;;;;;
;;;;;;;;;;;;;;;
;;;;;;;;;;;;;;;
;;;;;;;;;;;;;;;
;;;;;;;;;;;;;;;
;;;;;;;;;;;;;;;
;;;;;;;;;;;;;;;
;;;;;;;;;;;;;;;
;;;;;;;;;;;;;;;
;;;;;;;;;;;;;;;
;;;;;;;;;;;;;;;
;;;;;;;;;;;;;;;
;;;;;;;;;;;;;;;
;;;;;;;;;;;;;;;
;;;;;;;;;;;;;;;
;;;;;;;;;;;;;;;
;;;;;;;;;;;;;;;
;;;;;;;;;;;;;;;
;;;;;;;;;;;;;;;
;;;;;;;;;;;;;;;
;;;;;;;;;;;;;;;
;;;;;;;;;;;;;;;
;;;;;;;;;;;;;;;
;;;;;;;;;;;;;;;
;;;;;;;;;;;;;;;
;;;;;;;;;;;;;;;
;;;;;;;;;;;;;;;
;;;;;;;;;;;;;;;
;;;;;;;;;;;;;;;
;;;;;;;;;;;;;;;
;;;;;;;;;;;;;;;
;;;;;;;;;;;;;;;
;;;;;;;;;;;;;;;
;;;;;;;;;;;;;;;
;;;;;;;;;;;;;;;
;;;;;;;;;;;;;;;
;;;;;;;;;;;;;;;
;;;;;;;;;;;;;;;
;;;;;;;;;;;;;;;
;;;;;;;;;;;;;;;
;;;;;;;;;;;;;;;
;;;;;;;;;;;;;;;
;;;;;;;;;;;;;;;
;;;;;;;;;;;;;;;
;;;;;;;;;;;;;;;
;;;;;;;;;;;;;;;
;;;;;;;;;;;;;;;
;;;;;;;;;;;;;;;
;;;;;;;;;;;;;;;
;;;;;;;;;;;;;;;
;;;;;;;;;;;;;;;
;;;;;;;;;;;;;;;
;;;;;;;;;;;;;;;
;;;;;;;;;;;;;;;
;;;;;;;;;;;;;;;
;;;;;;;;;;;;;;;
;;;;;;;;;;;;;;;
;;;;;;;;;;;;;;;
